[["Gabe","Gabe0@m.co","Gabe3@m.co","Gabe1@m.co"],["Kevin","Kevin3@m.co","Kevin5@m.co","Kevin0@m.co"],["Ethan","Ethan5@m.co","Ethan4@m.co","Ethan0@m.co"],["Hanzo","Hanzo3@m.co","Hanzo1@m.co","Hanzo0@m.co"],["Fern","Fern5@m.co","Fern1@m.co","Fern0@m.co"]]
[["John", "johnsmith@mail.com", "john00@mail.com"], ["John", "johnnybravo@mail.com"], ["John", "johnsmith@mail.com", "john_newyork@mail.com"], ["Mary", "mary@mail.com"]]
[["Alex","Alex5@m.co","Alex4@m.co","Alex0@m.co"],["Ethan","Ethan3@m.co","Ethan3@m.co","Ethan0@m.co"],["Kevin","Kevin4@m.co","Kevin2@m.co","Kevin2@m.co"],["Gabe","Gabe0@m.co","Gabe3@m.co","Gabe2@m.co"],["Gabe","Gabe3@m.co","Gabe4@m.co","Gabe2@m.co"]]
[["David","David0@m.co","David4@m.co","David3@m.co"],["David","David5@m.co","David5@m.co","David0@m.co"],["David","David1@m.co","David4@m.co","David0@m.co"],["David","David0@m.co","David1@m.co","David3@m.co"],["David","David4@m.co","David1@m.co","David3@m.co"]]
[["David","David4@m.co","David2@m.co","David4@m.co"],["John","John7@m.co","John5@m.co","John3@m.co"],["Fern","Fern6@m.co","Fern4@m.co","Fern5@m.co"],["Celine","Celine0@m.co","Celine7@m.co","Celine7@m.co"],["Gabe","Gabe8@m.co","Gabe8@m.co","Gabe1@m.co"],["Ethan","Ethan1@m.co","Ethan6@m.co","Ethan6@m.co"],["Celine","Celine4@m.co","Celine8@m.co","Celine6@m.co"],["Celine","Celine0@m.co","Celine0@m.co","Celine4@m.co"]]